start	end	text
0	3160	哦,那可能就是我这个情况
3760	5960	对,我记得之前就看你被锁了
5960	10280	然后但是锁的人我们也不太舍得直接终止
10480	13560	就万一想着哪天这样锁还能去recharge一下
13560	18400	嗯,是的是,因为我其实是我肯定是会更喜欢这个岗位
18400	20120	因为我当时升两个的时候
20360	22040	呃,我不知道我能升两个
22040	24200	然后Fiona说其实可以多看看
24200	25720	然后就两个同时安排
25720	27520	然后结果就先进了那个流程
27720	31400	我当时还不太知道会有锁这个机制
31400	32840	就没想到这一场
32840	34840	我就还以为第一轮没过
34840	36520	可能真的不知道这种
36520	40360	哦,所以说的还挺开心的
42480	46160	然后,这样先我先跟你说一下
46160	49480	我了解的这个岗位的一些信息来
49480	51080	就是说我能去告诉你的
51080	53760	嗯,首先这个岗它肯定是搬很高
53760	54640	通过率很低
54640	57040	它的比试通过率也非常低
57560	59600	一面会很严格
59600	61760	就是你这个一面观是
61760	64080	就是我跟它对接工作人员经常有交流
64800	66080	它是很nice那种人
66080	69880	但它同时也就是说会很严格的
69880	72080	比较考察你全方位措施那种人
72480	75120	然后像那个
75120	77840	nice的体验的话我们这边可能就是不能这样的买
77840	79480	这个就是你也能理解
81880	83120	然后那个
83120	84560	但是可以说一下
84560	87120	他们喜欢有产品sense的人
88040	91720	嗯,所以就是会考一些PM的那种technicals对吧
92720	93360	呃
93360	95760	technical和产品相关经历
95760	97920	他们都会比较希望有
97920	99280	哦,哦,哦
99280	101400	对,因为你看就是像
101880	103960	你学的是那个data science嘛
103960	107080	然后我们这边其实有很多人选是computer science
107080	109040	data science这些背景的人
109040	109880	嗯
110280	114320	然后其实之前是有找过纯技术背景的人
114320	116520	但是会不会觉得没有产品sense
116520	118560	哪怕是有一个比试
118560	121200	但毕竟也是跟他交流之后才会觉得
121200	123840	哦,才会知道他到底有没有产品思维
123840	124200	嗯
124200	127920	或者说对于tiktok和他相关的了解程度够不够
127920	130000	嗯,对,对,懂
130760	133520	然后我看你是之前在
133520	134440	哦,你在
134440	137240	哦,对,你现在是在LA的TT那个
137960	138480	是的
138480	139640	做这个
140040	141480	战略
141480	142840	那你这个是project intern吗
142840	144280	就是没有转正的吗还是说
144280	145520	是project intern
145520	149400	对,而且我其实进来第一天我的manager跟我说
149400	151200	咱们没有什么要看了
151200	154360	因为这个不着new grad
154360	156920	我说我感谢你做直白
157920	158760	哦,可以
158760	161520	对,但是那个他这边是有那个
162520	164720	有那个转正的,这个你放心
164720	165600	可以,可以
166440	167080	对
167080	170360	但是转正率这边我也不知道,谁学会
170360	173040	就是我每天都说不要说,我说我也不知道呀
173040	173640	对
174640	178400	哎,能想象啊,就好像也是一套流程要下来的
178400	180360	就肯定你做的得好点
180360	183720	然后他们估计又有一轮的审核啥的
183720	188080	嗯,尤其是就是像我是二月份接手这个岗位的
188080	192240	然后他们之前其实是有过实际转走转正的
192240	192880	嗯
193520	197120	然后那个但是好像不是在这个职位上
197480	201320	但是至少是他们的实际转正是那种比较
202280	203040	就是说
203560	205800	不是说像我那种话柄似的
205800	208080	他们就是真的说,哦,你是programming chair
208080	211160	OK,你,你就是工作OK的话,我就给你转
211160	212640	他们是这样子的
212640	213960	可以,可以
213960	214880	那还挺好的
214880	217640	就肯定大家都是最终为这个这个目的嘛
217640	218320	嗯
218320	219240	对
219240	222040	然后我我说一下他们比较在意的点是
222040	226000	他们会很在意人选沟通的那个效率
226000	228960	就是你表达是不是简明乐耀的清晰的
228960	230360	不要太啰嗦
230360	232720	不要太就是翻散到其他
233440	234760	漏不回来的地方
234760	235360	嗯
236160	237240	就可以轻易翻散
237240	240400	但是当当他有那个信号去制止你把你拿回来
240400	241920	说你要立马收回来
241920	243520	不要的就是对
243520	245560	他们会觉得那样沟通没有什么效率
246240	247880	哦,懂,懂
248400	250480	对,回答到点子上的
250480	251880	对
251880	252400	嗯
253480	256560	尤其是你在目前在TT做学习嘛
256560	259760	所以他们可能会更想去看一下你对TT的
259760	262160	有没有自己的了解和思考
262160	266560	然后一定要去好好的读一下他们的岗位JD
266560	269080	和他们的这个组
269080	271280	他们组叫Social and Creation
271280	273960	我们经常会出现人选
273960	276280	不知道自己来面什么岗
276280	277120	这种情况
277120	279240	哪怕我们在面腰的时候
279240	282680	在上的时候都已经把另一个给他贴上了
282680	283280	他不知道
283280	286240	他也不会去点开看一下他对JD什么就是
286280	288040	就甚至会有人问过我那些Tips
288040	289760	OK我把Tips派给他之后
289760	293200	还是会反馈说觉得人选不够了解
293200	294120	嗯
294120	294880	就这样子
294880	295280	对
295280	297240	我其实也看了一下
297240	299280	他们是设想创作策这一方向的
299280	299800	嗯
300520	302520	对这个还是有一点模糊的我感觉
302520	304440	就是我有看JD
304440	308400	当然他说的就是具体他们负责的那些
308400	308760	嗯
308760	311040	产品像或者是feature什么之类的
311040	314240	好像我也没有说有有特别特别的清楚的感受
314240	315440	就可能会更多
315440	317040	我知道他是creator相关
317040	318960	又有就是social在提提的话
318960	321040	可能就是一些chat function啊
321040	322960	friends这些或者是什么
322960	325040	对你想如果是social的话
325040	328120	那他可能就是涉及到一些信息
328960	331440	然后影响力这种的
331440	332240	嗯
332840	334760	就是私信啊或者说
335120	338920	然后是AI for you不是你去做AI
338920	341080	是你去做AI产品经历
341800	344480	就可能说去做一个视角上的转换
345160	347840	去思考一下就是哪一些创新什么的
347840	350240	因为其实你你你你做比试的话
350240	352720	也能感受到他们的比试是有一定能看的
352720	353440	嗯
354080	357960	对是需要你自己去去做一个程序让开发
357960	359160	对对对
359520	359920	嗯
359920	361880	所以就是这个其实就已经能体现出
361880	364200	你一定的对AI的感觉都已经相吸
364440	365040	嗯
365200	366120	是的是的
366120	368560	对申请这个岗肯定是因为就AI感兴趣了
368560	370240	就是很自己喜欢搭一些
370680	372880	AI的小网站啊
372880	374400	或者是有流程什么之类的
374400	376120	平时能简化就简化
376120	378160	就我觉得真的又太多了
378160	379520	然后感觉
379520	380160	嗯
380480	381880	如果是AI PM的话
381880	384680	他们会去share一些AI的feature吗
384680	387160	就是我看最近不是tiktok有
387160	388160	有一个chatbot
388160	390880	也有一个那个video search
391200	391680	嗯
391680	392640	virtual search
392640	395440	就好像还挺多新出来的一些AI功能的
395440	396960	会是这个组在做吗
396960	397680	还是说
398400	398800	嗯
398800	401760	这个具体产品的话我们这边也可以知道
401960	403920	因为他们就是业务也不会把自己
403920	406320	真正在干什么活去跟我们说嘛
406320	409840	我们最多的产业交流会比较多是人选方面的
409840	410400	嗯
410400	412480	然后那我跟你说的是就是
412680	414480	他会希望你多了解
414480	416200	你能了解他们最新的功能
416200	417000	那是最好的
417000	419720	因为证明你是真的有passion在的
419840	420200	对
420200	421720	就是有人选经常说啊
421720	422840	我真的想变这个岗位
422840	425000	但其实他会说一些
425000	426720	然后当问及他说
426760	427960	就是在我在问他的时候
427960	430280	我说那你对于tt哪些功能
430560	431920	就是你期待他有什么功能
432120	433320	然后对方跟我说的
433720	434680	希望什么什么功能
434680	436440	其实这些tt早都已经有了
436440	437080	哦
437800	438240	对
438240	438680	对
438920	440120	尴尬是吧
440120	441120	眼神一黑
441640	443320	他说这怎么给放过去面试
443320	444240	这怎么办啊
445520	446240	真的
447000	447400	对
447400	448480	你能想象吗
449040	449600	你
450040	452280	你了解一些他们最新的AI功能
452280	455840	然后他们最新的这些东西肯定是最好的
455840	456160	嗯
456160	457800	然后有一些自己的思考
457800	459160	包括说像
459720	460880	嗯
460880	464920	tt的话他有很多就是说类似的平台了
465240	465600	对吧
465600	466080	嗯
467560	469680	然后可以去考虑一下
469680	471760	tt为什么tt是有优势的
471760	472960	然后或者tt也是在哪
472960	475160	就是在做面试之前
475160	477520	这些我觉得肯定都是要准备一下的
477920	478320	嗯
478640	479680	好的好的
480000	482160	这个也跟我现在的岗也挺相关的
482160	483640	我们天天都在搞竞争
483640	485040	搞这些分析
486000	486320	对
486320	489560	然后还有一些你现在的就是你的数据感
489840	490800	也就很强
490800	491640	啊
492480	493360	懂懂
493880	496480	就是他们各他们组
496480	500520	就是这些面试官对于不同的人选都有不同的偏好满
500520	500840	嗯
500840	506760	但是总整体来说他们喜欢同时具有数据背景和这个
507160	510080	呃产品相关经历的人选
510320	511920	那我还挺符合的
511920	513600	因为他们都是数据出身的
513680	514880	I see
514880	515760	对对对
515760	516320	对
516800	517240	对
517640	518320	就是
518560	520720	我有决定可以上搜过他们
520880	522040	我天呐
522040	523720	就是那个学历快把我
524440	525280	开心了
525280	526680	哎真的
526880	528720	我能感觉到了已经
528720	530720	就是其实tt整体都是这样
530720	532000	就进来了就发现
532200	533920	哇好像所有人都
533920	536720	就是他这个人才集中度有点吓人
536880	539200	然后你又能感觉出跟他们交流
539600	541160	要来这么多名校呀
541160	541560	对
541560	542760	就那种感觉
542800	543720	真的
544240	545520	是这样子的
546280	547560	没事我们也在里面
547560	548480	呵呵呵
550640	551280	我们
552280	554760	是我感觉我感觉我来的就是tt的权利
554760	555840	哈哈哈哈
556720	557600	没有没有
557600	558840	进来就是好的
558960	562360	进来你也想我们比他们还少很多麻烦的说不定
562480	563960	你像我的很难想到说
564080	567120	真的是清北副教或者是还有好多腾校的人对吧
567280	568280	就嗯
568400	570440	至少我们现在也是在同一个page上的
570480	571520	所以就还
571520	573600	私底心里安慰一下自己
574080	576520	你知道这个港腾校聚过多少
576520	578000	我都数不清了
578000	579200	no 天呐
580840	581560	这是我
581680	584000	我那天跑了一家社区就是汉府
584200	586040	满城理工西殿府
586360	587280	汉府
587760	588280	对
588400	589400	就聚了很多
589400	590400	真的聚了很多
590400	591400	oh no
591400	591920	天呐
591920	592720	没事
592920	594520	没有关系心态要好
595160	595960	我还还
595960	599600	其实他们并没有说会特别注重学历这一方面
599600	601120	他们更多是看你的
601440	603360	背景是不是比较match这样子
603360	604520	嗯嗯嗯
604880	605520	yeah
605960	608160	然后看你的match表现
608200	609800	他们会这样去看一下
610040	610720	嗯
611160	612440	就是你刚才有说到
612440	614720	比如说关于数据的这个它是
615440	617440	其实在面试过程当中应该比较难
617440	619960	其实真的说就是不会有特别
620320	622080	党场会让你做一些
622080	623880	啊不会让你手撕蛋白
624040	624400	嗯
624400	625280	那就可以
625280	627920	当然主要是通过问题的方式
628680	630960	整体的data这样的背景
631000	633760	因为我对于就是aipm这方面
633760	635120	就是我不做这方面
635120	636160	所以我不知道
636760	637480	具体的成品
637480	639800	但应该是怎样的一个数据感
640000	643560	但是从一些过往的我看到他们给的信息来看的话
643920	645000	嗯肯定是
645480	647280	多少会有一些这方面的问题
647280	648120	嗯嗯嗯
648360	648760	懂
648760	649160	嗯
649160	649840	这也不怕
649840	650480	然后
651000	653480	这个组的话是有面试体库
653480	657000	但是他们好像很少去根据这个体库上的问题去分
657080	658600	哦就很
658960	661920	根据当时的想法和每一个
661920	663320	操选人应该都不一样
663320	665120	根据你个人的经历
665120	667920	或者说他看过你的简历之后他
668200	669000	你的自我介绍
669000	671120	他们可能会这样去问一下
671120	673920	但是我们没有办法去看
675920	677440	就没有办法去看那个
677800	678960	真正的面试过程
678960	680960	因为说就是可能你跟面试官
681480	682760	face to face 面试的时候
682760	683440	然后我们
683800	686080	我突然加一个参与进去好像监视一样
686160	686880	哈哈哈哈
686880	687360	对
687360	690800	所以就可能给人选和面试官的体验都不是很好
690800	692560	有其他公司是这样的
692560	695120	我面过其他公司会有一个HR在旁边听着
695120	696000	天呐
696000	696600	不说话
696760	697560	嗯
697560	698240	但是
698240	698800	嗯
699120	701720	咱们这边是反正我们也不敢提了
701720	702400	哈哈哈
702400	704320	是业务的业务的柄房
704320	704920	哈哈哈
704920	706160	不敢提这样的事情
706160	707720	嗯嗯
708080	708880	懂
708880	710000	那还其实
710000	712760	就我我最近在准备的时候
713000	713680	呃
713680	714800	比如说
714840	718600	就你你可以帮我看下说会不会有一些帮助什么的
718600	719440	因为我感觉
719440	721320	他们首先已经面到这么多人了
721320	722640	就是大家可能也都
722640	723160	嗯
723160	724360	不是说完全一样吧
724360	725200	但可能
725200	726360	要么没有达到标准
726360	727160	或者说
727160	728760	答案也都听过很多了
728760	729840	就我其实有
729840	732160	比如说写一个自己的那种
732160	732840	portfolio
732840	735280	就是做一个小的HM网站啊
735280	736520	就可以稍微
736520	737840	有点创意的
737840	739600	稍微展示一下这种
739600	741960	然后还有可能的一个新的feature
741960	744280	就是我也有简单做一个mockup这些
744320	745680	就是面试当中
745680	747160	之前有候选人会
747160	747960	比如说
747960	748880	给他一个link
748880	750720	或者是share一下screen啊这种
750720	751680	这种应该
751680	753560	就看一下说他们会不会允许吧
753560	755920	就会不会想要这些
756280	757440	多的一些细节
757440	758400	我想一下
759000	759880	好像
760320	761880	从我知道的一些资历
761880	763600	没有说听过这种
763600	764760	但是说
764760	768720	像方便了一下你做的这个是什么方向相关的门这样子
768720	769400	嗯
769400	769600	对
769600	770240	就是我有
770240	772600	首先就是自己的一个经历的一个portfolio
772640	774760	那种就个人网站的感觉
774760	775760	也很简单很简单
775760	777160	就是我就是最近
777600	778920	也不是闲着无聊
778920	780480	就感觉好像可以坐着玩一下
780480	781640	就做了一个
781640	782960	还有一个的话是
782960	785360	我看了现在咱们TT的
785360	787760	creator方面的一些工具吧
787760	790280	就是我看有一个trend的分析
790280	791800	然后有hashtag呀
791800	793040	songs这些
793040	794840	就是现在流行的趋势
794840	797160	但是我也去想了一下有哪些gap
797160	797440	对吧
797440	798360	就是哪一些东西
798360	800120	可能现在TT还没有做的
800120	801800	然后我就稍微的
801840	803200	写了一个feature
803200	805880	就是包含一个
805880	806760	也是用ai了
806760	809120	就是prd和简单的markup
809120	812640	markup的话会有一个web version和一个mobile version
812640	814960	我觉得这很好呀
814960	817520	这可能说你个人的portfolio就是
817520	819920	做介绍方面的话可以说快速点过
819920	821920	因为我不知道
821920	824800	面试官会不会让你去做一个做介绍
824800	825640	对
825640	826480	如果让你做的话
826480	829920	可能说portfolio这个方面先就是快速过一下
829920	831400	然后主要去展示一下
831400	834200	你觉得会比较有亮点的做命
834200	835240	嗯
835240	835920	对
835920	836400	可以的话
836400	838400	我肯定也会看当时的vibe
838400	842360	就是如果自己觉得能给他share一下
842360	843000	然后说
843000	843920	相关的问题
843920	844440	对
844440	847840	然后你知道我帮你做了一个
847840	848760	是的
848760	849720	就其实这个东西
849720	852120	就我之前比如说刷youtube什么的
852120	855520	就会看到很多人会推荐这样的一个技巧
855520	856880	就是说其实曼多公司
856880	858400	它本来你申请的过程
858400	860200	它就会要你一个链接
860200	862800	就是你有任何的过往的经历
862800	863880	自己的网站
863880	865680	或者是任何做出来的东西
865680	866520	直接给他发
866520	868040	然后他们可能甚至不看简历
868040	869560	就只看你做的东西
869560	870080	所以我就说
870080	872680	那我就是也可以快速搓一下
872680	874240	然后就做出来
874240	874920	但是看吧
874920	876880	到时候面试官如果想听的话
876880	879200	也可以直接让他点进去看一眼
879200	879680	嗯
879680	882680	然后或者说你
882680	884520	而且如果都是飞书的话
884520	885600	你可以问他
885600	887800	他想给你们从飞书给他传
887800	888720	真的
888720	889520	那最好了
889520	891520	我就可以linkedin上监视一下
891520	891840	他
898880	899640	太好笑了
900840	902480	但刚才还说我开玩笑
902480	903160	我知道
905720	906880	混同混同
906880	908440	我可以直接
908440	908760	没事
908760	910120	我跟他讲我做了
910120	911360	反正他要我再说
913720	914800	就是说
914800	916320	或者说你可以准备个平台
916320	917440	然后给他show一下
917440	918360	对对对
918360	919680	反正可以share screen
919680	921000	你说那个如果有
921000	922720	如果可以的话可以就是传给
922720	923720	就是对接了一下
923720	924280	就传给我
924280	925200	然后我再去
925200	926480	后续再给面试官
926480	927400	也没人传OK
927400	928040	这个也没问题
928040	929440	好呀好呀好呀
929440	930280	可以
930280	931840	那还挺好的
931840	933000	没白做
934600	936560	我看了一下
936560	937680	嗯
937680	940440	面试官他就是国内的
940440	942080	国内的周二
942080	943200	也就是你的周一嘛
943200	945680	他整个上午都满了
945680	947040	嗯
947040	948080	然后
948720	949880	你周二可以面试吗
949880	952320	就你那边的周二
952320	954120	我这边也可以的
954120	954920	也可以的
954920	957200	晚上可以
957200	957920	看一下
957920	960760	那你这边周二晚上的话
960760	962000	你是在
962000	963200	你在LA是吧
963200	963840	是的
963840	965120	嗯就是PT的时间
965120	966720	其实周二的话
966720	967680	嗯
967680	968640	我来
968640	969200	哎我现在
969200	970960	我现在其实有两个工作在做
970960	972400	所以我有的时候
972400	974680	我把另一个calendar让我看一眼
975680	977680	嗯
977680	979680	大部分都空的
979680	981680	就是我没有
981680	983680	对我整天都可以抽时间
983680	984680	其实
984680	986680	只有一个
986680	987680	OK
987680	989680	嗯
993680	996680	我在想要么是给你安排到
996680	997680	早上九点半
997680	1000680	早上九点半的话就是你那边的六点半吧
1000680	1001680	可以呀
1001680	1003680	要不然就得是
1003680	1006680	国内的一点半也就是你那边的十点半
1006680	1008680	哦那还是六点半吧
1009680	1010680	对
1010680	1011680	然后
1012680	1014680	这样办我先办
1014680	1017680	就是这个面试官他是可以接受十点之前面试的
1017680	1018680	哦
1018680	1019680	然后我先办
1019680	1020680	当然我先把他的时间booking上
1020680	1023680	就是他哪怕能接受的话我也需要去问他一下嘛
1023680	1025680	嗯
1025680	1027680	所以这样子我先booking一下
1027680	1030680	他早上九点半的这个时间
1030680	1032680	然后面试时间半小时
1032680	1034680	我去跟他说一下
1034680	1035680	好呀
1035680	1037680	然后我也先把真实的面试邮件给你发过去
1037680	1040680	然后如果说他说这个有冲突的话
1040680	1041680	或者说不OK
1041680	1043680	我再联系你去改
1043680	1047680	嗯嗯嗯好没问题的反正我的周二是都可以的
1047680	1050680	OK我先给他改上
1050680	1051680	好呀好呀
1051680	1053680	刚刚同时还有就是国内的其他面试
1053680	1055680	我怕就是直接被抢走你知道
1055680	1057680	哦是
1057680	1060680	所以我来给你发消息的时候我也就是说
1060680	1063680	哎呀万一要是要是排期的时间我又没去怎么办
1063680	1065680	感觉不行还是得先定下来
1065680	1070680	不会那这个我是既然是已经跟你说会改的话就没有关系
1070680	1071680	嗯
1071680	1075680	因为我是这两天请假了我回国内学校考试
1075680	1076680	哦
1076680	1077680	天呐
1077680	1079680	那还挺忙的感觉
1081680	1084680	改编啊什么的就真的很
1084680	1085680	哦懂懂懂
1085680	1086680	很想死很想死
1086680	1088680	我也是前段时间刚考完
1088680	1092680	我现在这个教授就是他是真的不在乎你的那种类型
1092680	1095680	就是他他出的考试怎么难怎么考
1095680	1096680	他就是享受这个过程
1096680	1100680	所以我们所有人都是没有范围范围就是全部都要考
1100680	1101680	就是这样子的
1101680	1104680	我天呐太吓人了
1104680	1106680	真的是这样
1106680	1110680	所以我就一直都一点办法都没有你就什么都得知道
1110680	1111680	完了
1111680	1115680	嗯就所有东西丢给Claude然后我直接让Claude教我
1115680	1117680	我觉得他讲的真的很差劲
1117680	1119680	不是我说
1119680	1122680	Claude讲的很差吗
1122680	1124680	就是那个教授他上课其实我有点听不懂
1124680	1126680	就口音有点重的那种
1126680	1129680	然后我就只能把那个transcript什么之类的
1129680	1130680	全部都交给Claude
1130680	1132680	然后Claude会出一个study guide
1132680	1134680	然后就写那个
1135680	1136680	真是这样
1136680	1137680	对
1139680	1141680	但也很痛苦
1141680	1142680	全部都要背
1142680	1143680	就是
1143680	1147680	好好的一个写码的课被他整成了记忆课
1147680	1149680	就全部都记下来背下来
1150680	1152680	明明是应该首次带买的
1152680	1154680	最后是让你去写的时候
1154680	1157680	对啊然后各种其实也很成就的东西
1157680	1158680	他不改
1158680	1160680	所以感觉大家都是
1160680	1163680	又上班又有一些学校的杂事
1164680	1166680	但我看你学习还蛮多的
1166680	1168680	你都是像一直都是这样
1168680	1171680	从本科到顺序都是这样穿插下来的时候
1171680	1174680	那我这是第一次就是边上学边上班
1174680	1177680	这个是一个全新的体验
1177680	1180680	可能研究生研究生都是两节课
1180680	1182680	然后大家好像MOS都有这个
1182680	1183680	预期就是
1183680	1185680	好像你就是要找个工作
1185680	1186680	所以我就说
1190680	1192680	那你会有一点pressure什么的吗
1194680	1195680	感觉还是就是
1195680	1197680	最终目的肯定是想找全职嘛
1197680	1200680	然后我现在这个岗位刚面的时候
1200680	1202680	他说的是summer gone
1202680	1204680	然后后来跟我说变成project
1204680	1207680	所以我就project做就做嘛
1207680	1209680	就也想说不要放弃
1209680	1210680	一个机会吧
1210680	1211680	来都来了
1211680	1214680	然后当时就那就学期中继续做
1214680	1217680	所以我变成现在暑假就想再找一找
1217680	1218680	对
1219680	1221680	我觉得其实还真挺好的
1221680	1223680	因为正好就是那个
1224680	1227680	他们很喜欢对于TT有passion的人
1227680	1229680	或者说有过相关经验
1229680	1231680	那个landing的成本会低一点
1231680	1232680	对
1232680	1233680	哇landing真的
1233680	1235680	我就是懂小说上
1235680	1238680	有人会说贴脸landing自己
1238680	1240680	我真的是用脸landing
1240680	1241680	我也真的是
1243680	1244680	快
1244680	1245680	就是我landing前两天
1245680	1247680	我就是对着一堆tracker
1247680	1248680	对着一堆
1248680	1250680	我就看我什么东西
1250680	1252680	全线都是我自己生的
1252680	1253680	真的
1253680	1254680	哇我先生全线
1254680	1255680	哇我先生全线
1255680	1257680	搞到后来我都有点不好意思了
1257680	1259680	就是生完还有一波
1259680	1260680	生完还有一波
1260680	1261680	然后又
1261680	1262680	对对对
1262680	1263680	大家都要审批
1263680	1266680	我就说实在是太尴尬
1266680	1268680	然后用各种文档也要读
1268680	1269680	各种user guide
1270680	1272680	这样子这样子真的要疯了
1272680	1273680	不开玩笑
1273680	1274680	是的
1274680	1275680	用脸landing
1277680	1278680	大部分都是这样过来
1278680	1279680	但我这边是
1279680	1281680	我家他会比较忙
1281680	1283680	他其实他也想找你
1283680	1286680	但是他真的没有时间
1288680	1289680	真的是这样
1289680	1290680	我现在的man tour也是
1290680	1291680	他很多时候
1291680	1293680	感觉我帮他干了活什么
1293680	1294680	他好像后面也会
1294680	1295680	就是慢慢就忘掉了
1295680	1297680	哎当时是不是你做的来着
1297680	1299680	我说这个这个就是忙成
1299680	1300680	忙到一定程度
1300680	1302680	导致说可能没有办法
1302680	1303680	那么在乎我们了
1305680	1306680	那个邮件收到了没
1306680	1308680	我刚给你改了一下
1308680	1309680	看一下
1313680	1314680	有了有了
1315680	1316680	好
1318680	1319680	我看一下
1319680	1322680	反正我很怕跟你聊
1322680	1323680	然后我们俩就忘了
1323680	1325680	今天让我说什么了
1325680	1326680	就是这样子
1326680	1328680	他们会比较喜欢那个
1330680	1331680	就像你这样
1331680	1332680	因为跟你沟通
1332680	1333680	能感受到跟你沟通
1333680	1334680	是没有问题的
1334680	1335680	然后也比较活力
1335680	1337680	然后也会有思路
1337680	1338680	有亲切这样子
1339680	1342680	但是这只是我的体感
1342680	1343680	就是不同的人
1343680	1344680	跟不同的人沟通
1344680	1346680	他们肯定会是说有
1346680	1348680	不一样的这个感受
1348680	1350680	可能说我会觉得沟通
1350680	1351680	起来比较OK的人
1351680	1352680	那他们业务的业务
1352680	1353680	就是又是另一种
1354680	1355680	面试场景下
1355680	1357680	也会肯定会有一些
1357680	1358680	心态啊什么的
1358680	1359680	都会受影响
1359680	1361680	我们俩沟通是没有压力的
1361680	1363680	但是因为我们也面过很多事
1363680	1366680	我肯定会很紧张
1366680	1367680	会很紧张
1368680	1370680	尽量尽量放松一下
1370680	1373680	感觉我可以周二的话
1373680	1375680	还有点时间能准备
1375680	1377680	所以感觉更充分一点的话
1377680	1378680	也许会放松
1378680	1379680	对
1379680	1380680	然后因为你有一些
1380680	1382680	就是也有自己的成品动产
1383680	1387680	然后就是说可以去多想一想
1387680	1390680	然后多去了解一下这个Team
1392680	1393680	就是Team Introduction
1393680	1395680	我记得是Tips上有去吧
1395680	1396680	好像
1396680	1397680	对是有
1397680	1398680	就是搜一下
1398680	1399680	就是那个
1399680	1401680	在那个社交平台那么广泛
1401680	1403680	然后包括说各种各种组
1403680	1405680	就是自己去多了解一些
1405680	1407680	既然他们愿意把这个
1407680	1409680	具体的组给透露出来
1409680	1410680	那证明他们就是
1410680	1412680	无所谓会不会被去搜索的
1413680	1414680	好
1415680	1416680	可以啊
1416680	1418680	对我感觉小红书上好像
1418680	1420680	能看到一些其实
1421680	1422680	小红书
1422680	1423680	我不知道为什么我自己
1423680	1425680	搜不过这个岗位的小红书
1425680	1426680	小红书不给我推送
1426680	1427680	你知道我搜到好多
1427680	1429680	就是被拒了之后的候选人
1429680	1430680	会发一些面巾
1430680	1431680	然后我就
1432680	1434680	倒是也是感谢他们
1434680	1435680	我都没有搜到过
1435680	1437680	之前是有一个人选跟我说
1437680	1438680	那个
1439680	1442680	他看到那个说金港外开很久了
1442680	1444680	然后有很多人被拒买
1444680	1446680	然后说之前海抗还剩多少
1446680	1448680	我说那个我们海抗不能说
1448680	1449680	然后他说
1449680	1450680	对我说那个
1450680	1452680	又说他之前看到有一些
1452680	1453680	那个面巾什么的
1453680	1454680	嗯
1455680	1456680	呃
1456680	1457680	我说
1457680	1458680	面巾吗
1458680	1461680	为什么小红书从来都不给我推啊
1463680	1464680	可能你没有那么
1464680	1465680	强烈的关注
1465680	1466680	一直在看
1466680	1467680	一直在看
1467680	1468680	然后我现在搜到了
1468680	1469680	就是
1469680	1470680	主页全是
1470680	1471680	基地的面巾
1472680	1473680	哎呀干嘛
1473680	1474680	因为
1474680	1475680	就是
1475680	1476680	我
1476680	1477680	因为我们就是在那个
1477680	1478680	在笔室里
1478680	1479680	还有就是后来
1479680	1481680	都是有我的
1481680	1482680	邮箱的
1482680	1483680	嗯
1484680	1485680	对呀
1486680	1488680	就HR肯定是最希望你
1488680	1490680	进到这个岗位的人
1490680	1491680	就
1491680	1492680	有什么想问的
1492680	1493680	可以问一下我们
1493680	1494680	嗯
1494680	1495680	还真是其实如果你
1495680	1496680	没有特别的明确的话
1496680	1497680	感觉很多人会不敢问的
1497680	1499680	我也就没有说
1499680	1500680	有这个选项
1500680	1501680	但确实
1501680	1502680	HR是最想推的
1502680	1503680	我在做HR之前
1503680	1504680	我也感觉
1504680	1505680	我可能不太敢的HR
1505680	1506680	嗯
1506680	1507680	做了之后
1507680	1508680	我决定
1508680	1509680	我以后求职我可能都会问一下
1509680	1510680	对呀
1510680	1511680	都确实得问
1511680	1512680	就只有它是
1512680	1513680	就是统一战线的
1513680	1514680	我们真是统一战线的
1514680	1515680	对
1516680	1517680	还有一个问题
1517680	1519680	就是你对于目前的
1519680	1520680	试验上AA的工具
1520680	1521680	了解很多吗
1522680	1523680	就知道各种各样
1523680	1524680	基本都会有用过
1524680	1526680	还是说有了解这样子
1526680	1528680	我用的还蛮多的
1528680	1529680	就是当然也有一些
1529680	1530680	没有用过的
1530680	1531680	就是我主要的话
1531680	1532680	会是
1532680	1534680	Cloud和GPT
1534680	1535680	然后和
1535680	1537680	之前用NAN
1537680	1538680	搭过一些那种
1538680	1539680	Agent之类的
1539680	1540680	但是
1540680	1542680	就是说其他的工具的话
1542680	1543680	哪怕自己没有用过
1543680	1545680	但也有了解一些
1545680	1546680	嗯
1546680	1547680	嗯
1547680	1548680	可以
1548680	1549680	然后就
1549680	1551680	我觉得就保持真诚做胆
1551680	1553680	然后就是在
1553680	1555680	你整体是真实叙述的技术上
1555680	1556680	可以有一些修饰
1556680	1557680	但是说
1557680	1558680	一定要保证你
1558680	1559680	所有说的都是事实
1559680	1560680	因为
1560680	1561680	那些官他们都很聪明
1561680	1562680	嗯
1562680	1563680	如果你说一个
1563680	1564680	你没有完全没有用过的东西
1564680	1565680	但你说
1565680	1566680	哎我现在要用它什么什么的
1566680	1567680	很容易就会被戳穿
1567680	1569680	因为他们实在是太了解了
1569680	1570680	是的
1570680	1571680	是的
1571680	1572680	对
1572680	1573680	他们真的感觉
1573680	1574680	每个人是不是都会那种
1574680	1575680	非常关注
1575680	1576680	最新的一些进展啊
1576680	1577680	然后
1577680	1578680	对
1578680	1579680	一直都是
1579680	1580680	我觉得他们整组就是说
1580680	1581680	非常注重一些
1581680	1582680	很新的
1582680	1583680	很尖端的产品
1583680	1584680	然后
1585680	1586680	因为整
1586680	1587680	就是Social Creation组
1587680	1589680	直接面对设计或创作策略
1589680	1591680	然后肯定是要对这点把控什么的
1591680	1593680	对于产品的感觉
1593680	1594680	也就是他们说的产品sense
1594680	1595680	我其实不知道
1595680	1596680	产品sense是什么
1596680	1597680	我也感觉这个
1597680	1598680	感觉这个有点
1598680	1599680	有点模糊了
1599680	1600680	因为我其实不用
1600680	1601680	我在接这个岗之前
1601680	1602680	我不用TT
1602680	1603680	我也不用抖音
1604680	1605680	啊
1605680	1606680	我自己
1606680	1607680	也比较少
1608680	1609680	也不是少吧
1609680	1610680	但是没有说
1610680	1612680	花特别多的时间
1612680	1614680	在这个刷这些东西
1614680	1615680	我甚至跟你说
1615680	1616680	我手机里根本没有这两个软件
1616680	1618680	我是在接手这个岗之后
1619680	1620680	然后
1620680	1621680	他们会说
1621680	1622680	小人选什么什么样的素质
1622680	1623680	什么样的素质
1623680	1624680	OK
1624680	1625680	我说我瞎一个
1625680	1626680	我瞎一个
1626680	1627680	真的
1627680	1628680	哎呀
1628680	1629680	你还别说了
1629680	1630680	你知道我们
1630680	1631680	我现在这个组
1631680	1632680	在做那种短剧
1632680	1634680	你有刷到过那些
1634680	1636680	什么AI生成的那种
1636680	1637680	霸总短剧
1639680	1641680	你们怎么会做这些
1641680	1642680	真的
1642680	1643680	就是
1643680	1645680	我经常就在搞这些短剧的表现
1645680	1646680	啥的
1646680	1648680	但我自己就看不下去
1648680	1651680	我为什么要浪费我的时间去看那种
1651680	1652680	小教期
1652680	1654680	或者那种穿越剧
1654680	1655680	不明白
1655680	1656680	不明白
1656680	1657680	太挺搞笑了
1657680	1658680	OK
1659680	1660680	然后
1661680	1662680	然后这个面试关
1662680	1663680	就是说你可以
1664680	1665680	带
1665680	1666680	是不是也不能说名字
1666680	1668680	他们喜欢聪明的人选
1668680	1669680	喜欢Sharp
1670680	1671680	嗯
1672680	1673680	然后
1673680	1674680	有自己的
1674680	1675680	但
1675680	1676680	但是有一个问题啊
1676680	1677680	就是
1677680	1679680	肯定是过往有很多人选
1679680	1681680	有特别特别多人选
1681680	1683680	就是讲过自己对于
1683680	1685680	TT的思考
1685680	1686680	对于AI的
1686680	1688680	目前AI产品一些见解
1688680	1690680	然后或者说对比
1690680	1691680	这样子这样子
1692680	1694680	我觉得可能站在我们现在
1694680	1695680	这个年龄的视角会觉得
1695680	1697680	自己提出思考还是比较动静
1697680	1699680	但可能站在他们的视角会觉得
1699680	1700680	有点太General
1701680	1702680	对
1704680	1705680	可能就是
1706680	1707680	比较比较
1707680	1708680	比较普遍化的
1708680	1710680	或者只是停在
1710680	1712680	表象层的这种想法
1714680	1715680	对
1716680	1717680	但是
1718680	1719680	既然你都做了一个作品
1719680	1721680	然后包括你也在TT工作过
1721680	1723680	我觉得就是不要去预设自己的答案
1723680	1726680	会得到一个什么样的评价
1726680	1727680	嗯
1727680	1728680	好呀好呀
1728680	1729680	就是
1729680	1730680	太问了
1730680	1731680	你就真的就是
1731680	1732680	答案就好
1732680	1733680	如果是真的match不上
1733680	1734680	那可能是
1734680	1735680	也会比较
1735680	1737680	就如果真的哪天会比较痛苦吗
1738680	1739680	然后最重要的一点
1739680	1740680	一定不要
1740680	1741680	不要作弊
1741680	1742680	这个真的
1742680	1743680	会非常
1743680	1745680	影响非常非常不好
1745680	1746680	是是是
1746680	1747680	因为
1747680	1748680	就是
1748680	1749680	我不知道你
1749680	1750680	你们那边有没有
1750680	1752680	呈现去看废墅招聘的这个池子
1753680	1754680	应该没有
1754680	1755680	我应该是看不到的
1755680	1758680	我们这边HR就是有那个废墅招聘
1758680	1760680	然后会看到整个大的太能坡
1760680	1762680	我看到的都是美区的坡
1762680	1764680	就美区和中区它还是分开的
1764680	1765680	嗯
1765680	1766680	然后美区坡的话
1767680	1768680	无论是美区还是中区
1768680	1769680	只要是人选
1769680	1770680	有过作弊
1770680	1771680	都会被打背住
1772680	1773680	嗯
1773680	1774680	天哪
1774680	1775680	就是每一回
1775680	1777680	你被HR捞起来的时候
1777680	1778680	他会看见你背住
1778680	1779680	ok
1779680	1780680	那你选过AI
1780680	1781680	我不敢保证
1781680	1783680	你这回还会用AI
1783680	1784680	ok
1784680	1785680	那我就不捞你了
1785680	1786680	就这个伤害非常大
1786680	1787680	天哪
1787680	1788680	所以真的会有人就是面的时候
1788680	1789680	旁边有那种
1789680	1791680	就开一个AI提示吗
1791680	1792680	天哪
1792680	1793680	对
1793680	1794680	你就很难理解
1794680	1795680	为什么呀
1795680	1796680	这只是一个面试而已
1796680	1797680	然后
1797680	1798680	那个AI
1798680	1799680	有的时候
1799680	1800680	就AI给的
1800680	1801680	反正多离谱
1801680	1802680	我们自己也是知道的
1802680	1803680	对的
1803680	1804680	天哪
1804680	1806680	原来真的会有人干
1806680	1807680	就是有一个人选
1807680	1808680	是面试的时候
1808680	1810680	后来就面试官跟我们聊天
1810680	1811680	说那个
1811680	1813680	就已经能明显的看出来
1813680	1814680	他问完问题之后
1814680	1815680	会停顿两秒
1815680	1816680	哦
1816680	1817680	会看
1817680	1818680	就是会等他出答案
1818680	1819680	因为
1819680	1820680	像我们
1820680	1821680	就是像我们这样正常
1821680	1822680	讲话啊话
1822680	1823680	停顿的时间
1823680	1824680	大概也就0.1 0.2
1824680	1825680	是的
1825680	1826680	但是我真的跟你讲话
1826680	1827680	停顿了两秒
1827680	1828680	我不说话
1829680	1830680	嗯
1830680	1831680	懂哦
1831680	1832680	天哪
1832680	1833680	这个
1833680	1834680	这个肯定不会的
1834680	1835680	对
1835680	1836680	就很红线
1836680	1837680	所以说
1837680	1838680	但我感觉你
1838680	1839680	你不会
1839680	1840680	就是像国内的人生
1840680	1841680	可能还会
1841680	1842680	老实一点
1844680	1845680	有一些
1845680	1846680	有一些印度人选
1846680	1847680	哦
1847680	1848680	我不是
1848680	1849680	我听
1849680	1851680	我听到过这样的故事
1851680	1852680	确实
1852680	1853680	我觉得都
1854680	1855680	甚至有代面的
1855680	1856680	你知道吗
1858680	1859680	我反正我
1859680	1860680	我在发邮站的时候
1860680	1861680	都会说
1861680	1862680	觉得不要用
1862680	1863680	但还是出现了
1863680	1864680	那也是没有办法
1864680	1865680	啊
1865680	1866680	天哪
1866680	1867680	哎
1867680	1868680	就感觉给你们
1868680	1869680	又增加一套
1869680	1870680	麻烦事
1870680	1871680	对
1871680	1872680	然后你可以看一下
1872680	1873680	就是说你
1873680	1875680	还有没有什么问题
1875680	1876680	嗯
1876680	1877680	可能就想
1877680	1878680	就是
1878680	1879680	看一下说整
1879680	1880680	因为你说整个会有
1880680	1881680	四轮对吧
1881680	1882680	那就是
1882680	1883680	都会和
1883680	1884680	听
1884680	1885680	Member
1885680	1886680	但是会和
1886680	1887680	比如说
1887680	1888680	PM
1888680	1889680	面吗
1889680	1890680	还是说就是他们是
1890680	1891680	我以后会合作的人
1891680	1892680	我好像
1892680	1893680	有点不太清楚
1893680	1894680	这个点
1894680	1895680	哦
1895680	1896680	是这样子
1896680	1897680	他们都是在
1897680	1898680	Social creation
1898680	1899680	组
1899680	1900680	负责不同业务线的
1900680	1901680	嗯
1901680	1902680	因为有负责
1902680	1903680	Social creation
1903680	1904680	然后Social creation
1904680	1905680	他们又有细分的
1905680	1906680	什么影响力
1906680	1907680	私信
1907680	1908680	或者创作者
1908680	1909680	这些
1909680	1910680	就是都会有
1910680	1911680	不同的线
1911680	1912680	然后
1912680	1913680	你
1913680	1914680	如果你就是
1914680	1915680	入职的话
1915680	1916680	他会
1916680	1917680	哦
1917680	1918680	就挑一个Virgo进去
1918680	1919680	对
1919680	1920680	但是整体来说
1920680	1921680	这些面试你的人
1921680	1922680	就是
1922680	1923680	在组内还是
1926680	1927680	比较有话语权
1927680	1928680	可以这么讲吗
1928680	1929680	不太确定
1929680	1930680	但是
1930680	1931680	一面观
1931680	1932680	他是那个
1932680	1933680	就是
1933680	1934680	这个一面观
1934680	1935680	他同时可以做个二面观
1935680	1936680	哦
1936680	1937680	是这样子
1937680	1938680	对对
1938680	1939680	但是因为每个人
1939680	1940680	他乐卷是
1940680	1941680	随机分配乐卷的
1941680	1942680	所以说
1942680	1943680	是正好给你
1943680	1944680	分配到这个
1944680	1945680	面试观
1945680	1946680	然后二面的话
1946680	1947680	二面的话
1947680	1948680	是这个组的
1948680	1949680	General Manager
1949680	1950680	嗯
1950680	1951680	嗯
1951680	1952680	三面的话
1952680	1953680	是Team Leader
1953680	1954680	是整个Social Cooperation的
1954680	1955680	Leader
1955680	1956680	哦
1956680	1957680	嗯
1957680	1958680	四面的话
1958680	1959680	就是那个
1959680	1960680	你可以理解
1960680	1961680	就是HR面
1961680	1962680	嗯
1962680	1963680	HR面是
1963680	1964680	如果你前三面
1964680	1965680	都是说
1965680	1966680	嗯
1966680	1967680	业务非常想要你
1967680	1968680	的话
1968680	1969680	那四面
1969680	1970680	你可以基本就当成
1970680	1971680	就只是
1971680	1972680	太over了
1972680	1973680	哦
1973680	1974680	是
1974680	1975680	业务面非常重要
1975680	1976680	嗯
1976680	1977680	懂
1977680	1978680	懂
1978680	1979680	好的
1979680	1980680	我
1980680	1981680	嗯
1981680	1982680	我感觉他们面试
1982680	1983680	是
1983680	1984680	非常
1984680	1985680	专业那种
1985680	1986680	然后哪怕
1986680	1987680	他们就是说
1987680	1988680	哦
1988680	1989680	问你一些
1989680	1990680	学校方面的课程
1990680	1991680	也不要会觉得是
1991680	1992680	嗯
1992680	1993680	哦
1993680	1994680	觉得这个问题
1994680	1995680	会不会怎么怎么样
1995680	1996680	就是不要对答案
1996680	1997680	做一些心理预设
1997680	1998680	嗯
1998680	1999680	他们问的问题
1999680	2000680	肯定是有
2000680	2001680	他们想问的理由
2001680	2002680	就是
2002680	2003680	认真做答案
2003680	2004680	嗯
2004680	2005680	好呀好呀
2005680	2006680	问什么
2006680	2007680	答案什么就行
2007680	2008680	嗯
2008680	2009680	然后你有任何问题
2009680	2010680	你就直接
2010680	2011680	费书我
2011680	2012680	好吧
2012680	2013680	好呀好呀
2013680	2014680	好的
2014680	2015680	那
2015680	2016680	这里面是顺利啦
2016680	2017680	哦
2017680	2018680	谢谢你
2018680	2019680	聊得特别开心
2019680	2020680	没事没事
2020680	2021680	我觉得
2021680	2022680	很希望你能给
2022680	2023680	能把这个海旷填上
2023680	2024680	我也希望
2024680	2025680	我也希望
2025680	2026680	努力一下
2026680	2027680	感觉
2027680	2028680	就是
2028680	2029680	多
2029680	2030680	确实得再搜一搜
2030680	2031680	这个组
2031680	2032680	可能我现在
2032680	2033680	两天稍微填一填
2033680	2034680	没问题
2034680	2035680	嗯
2035680	2036680	加油加油
2036680	2037680	嗯
2037680	2038680	谢谢
2038680	2039680	拜拜
2039680	2040680	拜拜
2040680	2041680	你也周末愉快啦
2041680	2042680	赶紧放纵一下
